<?xml version="1.0" encoding="UTF-8"?>
<project-private xmlns="http://www.netbeans.org/ns/project-private/1">
    <editor-bookmarks xmlns="http://www.netbeans.org/ns/editor-bookmarks/2" lastBookmarkId="0"/>
    <open-files xmlns="http://www.netbeans.org/ns/projectui-open-files/2">
        <group>
            <file>file:/C:/xampp/htdocs/myproject_smotik/web-admin/admin/app.js</file>
            <file>file:/C:/xampp/htdocs/myproject_smotik/web-admin/admin/php/aboutus_class.php</file>
            <file>file:/C:/xampp/htdocs/myproject_smotik/web-admin/admin/model/account_login.php</file>
            <file>file:/C:/xampp/htdocs/myproject_smotik/web-admin/admin/php/testimonial_man.php</file>
            <file>file:/C:/xampp/htdocs/myproject_smotik/web-admin/admin/login.html</file>
            <file>file:/C:/xampp/htdocs/myproject_smotik/web-admin/admin/directives/mainDirective.js</file>
            <file>file:/C:/xampp/htdocs/myproject_smotik/web-admin/admin/controller/aboutus.js</file>
            <file>file:/C:/xampp/htdocs/myproject_smotik/web-admin/admin/misc/sidebar.php</file>
            <file>file:/C:/xampp/htdocs/myproject_smotik/web-admin/admin/partials/products.php</file>
            <file>file:/C:/xampp/htdocs/myproject_smotik/web-admin/admin/partials/navigation-man.html</file>
            <file>file:/C:/xampp/htdocs/myproject_smotik/web-admin/admin/partials/tpl/login.tpl.php</file>
            <file>file:/C:/xampp/htdocs/myproject_smotik/web-admin/admin/index.php</file>
            <file>file:/C:/xampp/htdocs/myproject_smotik/web-admin/admin/controller/login.js</file>
        </group>
    </open-files>
</project-private>
